Test_Author_Profile_Id,Age
Test-Document-001,15-19
Test-Document-002,25-xx
Test-Document-003,20-24
Test-Document-004,15-19
Test-Document-005,20-24
Test-Document-006,25-xx
Test-Document-007,20-24
Test-Document-008,20-24
Test-Document-009,25-xx
Test-Document-010,15-19
Test-Document-011,20-24
Test-Document-012,20-24
Test-Document-013,20-24
Test-Document-014,20-24
Test-Document-015,25-xx
Test-Document-016,20-24
Test-Document-017,25-xx
Test-Document-018,20-24
Test-Document-019,20-24
Test-Document-020,20-24
Test-Document-021,20-24
Test-Document-022,20-24
Test-Document-023,20-24
Test-Document-024,20-24
Test-Document-025,20-24
Test-Document-026,20-24
Test-Document-027,20-24
Test-Document-028,25-xx
Test-Document-029,15-19
Test-Document-030,20-24
Test-Document-031,20-24
Test-Document-032,20-24
Test-Document-033,25-xx
Test-Document-034,20-24
Test-Document-035,15-19
Test-Document-036,20-24
Test-Document-037,25-xx
Test-Document-038,20-24
Test-Document-039,25-xx
Test-Document-040,20-24
Test-Document-041,20-24
Test-Document-042,25-xx
Test-Document-043,20-24
Test-Document-044,15-19
Test-Document-045,20-24
Test-Document-046,25-xx
Test-Document-047,20-24
Test-Document-048,15-19
Test-Document-049,25-xx
Test-Document-050,20-24
Test-Document-051,15-19
Test-Document-052,20-24
Test-Document-053,15-19
Test-Document-054,20-24
Test-Document-055,20-24
Test-Document-056,25-xx
Test-Document-057,25-xx
Test-Document-058,20-24
Test-Document-059,20-24
Test-Document-060,20-24
Test-Document-061,20-24
Test-Document-062,15-19
Test-Document-063,20-24
Test-Document-064,25-xx
Test-Document-065,20-24
Test-Document-066,20-24
Test-Document-067,20-24
Test-Document-068,15-19
Test-Document-069,20-24
Test-Document-070,15-19
Test-Document-071,20-24
Test-Document-072,20-24
Test-Document-073,20-24
Test-Document-074,25-xx
Test-Document-075,20-24
Test-Document-076,25-xx
Test-Document-077,25-xx
Test-Document-078,20-24
Test-Document-079,25-xx
Test-Document-080,20-24
Test-Document-081,25-xx
Test-Document-082,20-24
Test-Document-083,25-xx
Test-Document-084,20-24
Test-Document-085,20-24
Test-Document-086,20-24
Test-Document-087,20-24
Test-Document-088,20-24
Test-Document-089,25-xx
Test-Document-090,25-xx
Test-Document-091,20-24
Test-Document-092,20-24
Test-Document-093,20-24
Test-Document-094,25-xx
Test-Document-095,20-24
Test-Document-096,20-24
Test-Document-097,25-xx
Test-Document-098,20-24
Test-Document-099,20-24
Test-Document-100,15-19
Test-Document-101,20-24
Test-Document-102,15-19
Test-Document-103,15-19
Test-Document-104,25-xx
Test-Document-105,20-24
Test-Document-106,25-xx
Test-Document-107,20-24
Test-Document-108,20-24
Test-Document-109,20-24
Test-Document-110,20-24
Test-Document-111,20-24
Test-Document-112,25-xx
Test-Document-113,20-24
Test-Document-114,20-24
Test-Document-115,20-24
Test-Document-116,20-24
Test-Document-117,20-24
Test-Document-118,25-xx
Test-Document-119,25-xx
Test-Document-120,20-24
Test-Document-121,20-24
Test-Document-122,15-19
Test-Document-123,20-24
Test-Document-124,20-24
Test-Document-125,15-19
Test-Document-126,20-24
Test-Document-127,20-24
Test-Document-128,20-24
Test-Document-129,20-24
Test-Document-130,20-24
Test-Document-131,20-24
Test-Document-132,20-24
Test-Document-133,25-xx
Test-Document-134,20-24
Test-Document-135,20-24
Test-Document-136,25-xx
Test-Document-137,15-19
Test-Document-138,20-24
Test-Document-139,15-19
Test-Document-140,20-24
Test-Document-141,20-24
Test-Document-142,20-24
Test-Document-143,20-24
Test-Document-144,20-24
Test-Document-145,20-24
Test-Document-146,20-24
Test-Document-147,20-24
Test-Document-148,20-24
Test-Document-149,20-24
Test-Document-150,15-19
