Test_Author_Profile_Id,Gender
Test-Document-001,female
Test-Document-002,female
Test-Document-003,female
Test-Document-004,male
Test-Document-005,female
Test-Document-006,male
Test-Document-007,male
Test-Document-008,female
Test-Document-009,male
Test-Document-010,female
Test-Document-011,male
Test-Document-012,male
Test-Document-013,male
Test-Document-014,female
Test-Document-015,female
Test-Document-016,female
Test-Document-017,male
Test-Document-018,male
Test-Document-019,male
Test-Document-020,male
Test-Document-021,male
Test-Document-022,male
Test-Document-023,male
Test-Document-024,male
Test-Document-025,male
Test-Document-026,male
Test-Document-027,female
Test-Document-028,male
Test-Document-029,female
Test-Document-030,male
Test-Document-031,male
Test-Document-032,male
Test-Document-033,male
Test-Document-034,female
Test-Document-035,male
Test-Document-036,male
Test-Document-037,male
Test-Document-038,male
Test-Document-039,male
Test-Document-040,male
Test-Document-041,female
Test-Document-042,male
Test-Document-043,male
Test-Document-044,male
Test-Document-045,male
Test-Document-046,female
Test-Document-047,male
Test-Document-048,female
Test-Document-049,female
Test-Document-050,male
Test-Document-051,male
Test-Document-052,male
Test-Document-053,male
Test-Document-054,male
Test-Document-055,male
Test-Document-056,male
Test-Document-057,female
Test-Document-058,male
Test-Document-059,male
Test-Document-060,male
Test-Document-061,male
Test-Document-062,female
Test-Document-063,male
Test-Document-064,female
Test-Document-065,male
Test-Document-066,male
Test-Document-067,male
Test-Document-068,male
Test-Document-069,female
Test-Document-070,male
Test-Document-071,female
Test-Document-072,male
Test-Document-073,female
Test-Document-074,female
Test-Document-075,male
Test-Document-076,female
Test-Document-077,male
Test-Document-078,male
Test-Document-079,male
Test-Document-080,male
Test-Document-081,female
Test-Document-082,male
Test-Document-083,male
Test-Document-084,male
Test-Document-085,male
Test-Document-086,male
Test-Document-087,female
Test-Document-088,male
Test-Document-089,female
Test-Document-090,female
Test-Document-091,male
Test-Document-092,male
Test-Document-093,male
Test-Document-094,female
Test-Document-095,female
Test-Document-096,male
Test-Document-097,male
Test-Document-098,male
Test-Document-099,female
Test-Document-100,female
Test-Document-101,male
Test-Document-102,male
Test-Document-103,male
Test-Document-104,female
Test-Document-105,male
Test-Document-106,male
Test-Document-107,female
Test-Document-108,male
Test-Document-109,male
Test-Document-110,male
Test-Document-111,female
Test-Document-112,female
Test-Document-113,female
Test-Document-114,male
Test-Document-115,male
Test-Document-116,male
Test-Document-117,female
Test-Document-118,male
Test-Document-119,female
Test-Document-120,male
Test-Document-121,female
Test-Document-122,male
Test-Document-123,female
Test-Document-124,male
Test-Document-125,female
Test-Document-126,male
Test-Document-127,female
Test-Document-128,male
Test-Document-129,male
Test-Document-130,male
Test-Document-131,female
Test-Document-132,male
Test-Document-133,female
Test-Document-134,female
Test-Document-135,male
Test-Document-136,female
Test-Document-137,male
Test-Document-138,male
Test-Document-139,female
Test-Document-140,male
Test-Document-141,male
Test-Document-142,male
Test-Document-143,male
Test-Document-144,male
Test-Document-145,male
Test-Document-146,female
Test-Document-147,male
Test-Document-148,male
Test-Document-149,male
Test-Document-150,female
